{
    "temp_clntSply": 32.0,
    "temp_clntSplySpr": 32.0,
    "temp_clntRtn": 32.0,
    "temp_waterIn": 32.0,
    "temp_waterOut": 32.0,
    "prsr_clntSply": 0.0,
    "prsr_clntSplySpr": -58.015201568603516,
    "prsr_clntRtn": -18.129749298095703,
    "prsr_fltIn": -58.015201568603516,
    "prsr_flt1Out": -58.015201568603516,
    "prsr_flt2Out": -18.129749298095703,
    "prsr_flt3Out": -18.129749298095703,
    "prsr_flt4Out": -18.129749298095703,
    "prsr_flt5Out": -58.015201568603516,
    "space": 0.0,
    "prsr_wtrIn": -58.015201568603516,
    "prsr_wtrOut": -58.015201568603516,
    "WaterPV": 0.0,
    "rltHmd": 0.0,
    "temp_ambient": 32.0,
    "dewPt": 32.0,
    "flow_clnt": 0.0,
    "flow_wtr": 0.0,
    "pH": 0.0,
    "cdct": 0.0,
    "tbd": 0.0,
    "power": 0.0,
    "inv1_freq": 0.08179999887943268,
    "inv2_freq": 0.08179999887943268,
    "AC": 0.0,
    "heat_capacity": 0.0
}